{"color ":"{\n    50: Color.fromRGBO(39, 38, 54, .1),\n    100: Color.fromRGBO(39, 38, 54, .2),\n    200: Color.fromRGBO(39, 38, 54, .3),\n    300: Color.fromRGBO(39, 38, 54, .4),\n    400: Color.fromRGBO(39, 38, 54, .5),\n    500: Color.fromRGBO(39, 38, 54, .6),\n    600: Color.fromRGBO(39, 38, 54, .7),\n    700: Color.fromRGBO(39, 38, 54, .8),\n    800: Color.fromRGBO(39, 38, 54, .9),\n    900: Color.fromRGBO(39, 38, 54, 1),\n  }","primaryColor ":"MaterialColor(0xff272636, color)","name ":"\"Orderchop\"","body ":"\"PARTNER\"","color2 ":"Color(0xff272636FF)","import_fclone":["import 'package:flutter/material.dart';"]}